rank,article,views,size_bytes,size_mb
1,Christa Pike,333405,87394,0.0833
2,Wikimedia Foundation,269550,159018,0.1517
3,2026 Brazilian general election,247828,153471,0.1464
4,Digger (2026 film),245758,56644,0.054
5,Drishyam: The Conclusion,226584,37450,0.0357
6,Lanterns (TV series),225799,151394,0.1444
7,.xxx,218299,24087,0.023
8,East of Eden (novel),180516,32137,0.0306
9,East of Eden (2026 miniseries),165714,21344,0.0204
10,Dakota Johnson,149574,80326,0.0766
11,Deaths in 2026,142771,80326,0.0766
12,Lizzie Borden,142750,80326,0.0766
13,Flávio Bolsonaro,128855,80326,0.0766
14,Robert Kelker-Kelly,126211,80326,0.0766
15,Dennis Hastert,120839,80326,0.0766
16,Karl Deisseroth,112054,80326,0.0766
17,Verity (film),109971,80326,0.0766
18,Bryce Young,109390,80326,0.0766
19,Ted Kaczynski,108775,80326,0.0766
20,Jeffrey Archer,106298,80326,0.0766
